employee_name,user_id,O,C,E,A,N
Macey Colleen Nash,MCN0973,39,39,41,14,29
Nelle Sharon Cherry,NSC0622,38,35,25,33,35
Kathleen Audrey Vargas,KAV0428,37,35,31,18,31
Adrienne Joelle Mclean,AJM0772,44,30,36,20,25
Nicole Maris Valentine,NMV0507,39,30,21,11,36
Cora Maggy Wise,CMW0297,50,43,25,36,33
Christian James Rutledge,CJR0414,44,17,26,48,24
Keefe Darius Duran,KDD0511,43,26,24,40,26
Akeem Brent Holland,ABH0821,15,35,37,26,30
Benjamin Alec Gutierrez,BAG0190,41,10,14,39,31
Blake Chadwick Vaughan,BCV0304,22,23,27,39,28
Gemma Charlotte Bartlett,GCB0638,42,14,37,16,32
Willa Pearl Kidd,WPK0074,42,46,24,43,32
Ivan Tanek Garrison,ITG0649,10,43,38,29,31
Sharon Montana Barnett,SMB0012,40,39,30,26,31
Cassady Mercedes Bentley,CMB0645,32,30,15,20,28
Eagan Chase Pratt,ECP0997,27,30,23,17,29
Katelyn Cailin Solomon,KCS0524,33,41,40,45,27
Eagan Arthur Holman,EAH0562,50,24,15,10,31
Cameron Jonathan Thomas,CJT0374,20,18,40,34,31
Cole Thaddeus Ellison,CTE0576,30,18,40,48,24
Merrill Neil Bishop,MNB0535,20,40,24,15,41
Maxwell Mason Osborne,MMO0264,34,13,34,40,35
Quemby Summer Barry,QSB0729,47,33,40,42,30
Nola Rinah Melton,NRM0617,41,16,50,25,31
Aiko Candace Brock,ACB0077,43,47,27,24,33
Marsden Paul Wong,MPW0904,39,35,39,43,32
Jackson Prescott Mooney,JPM0871,21,13,36,33,21
Cadman Hop Hayes,CHH0472,18,39,41,35,32
Vivian Jenette Peters,VJP0518,42,41,43,22,36
Melvin Isaac Nixon,MIN0513,37,26,14,41,33
Caleb Ezra Weber,CEW0539,23,36,19,43,25
Suki Noelle Savage,SNS0094,43,42,21,16,35
Basia Lara Lloyd,BLL0527,49,37,42,21,26
Nicholas Edward Emerson,NEE0521,35,46,33,47,33
Willa Lara Marshall,WLM0450,42,47,19,27,38
Sage Hilda Woodard,SHW0774,50,44,44,13,27
Amber Shannon Sawyer,ASS0611,34,39,37,16,29
Madaline Alisa Bond,MAB0267,41,36,43,20,28
Roth Isaac Dyer,RID0019,21,10,13,42,35
Robin Charlotte Hinton,RCH0166,24,17,39,24,27
James Sean Winters,JSW0862,12,42,27,18,31
Nathan Igor Hogan,NIH0093,44,36,10,46,34
Simone Amber Owens,SAO0920,14,43,36,17,23
Nicholas Keane Barlow,NKB0036,34,41,19,32,27
Maryam Althea Bird,MAB0066,36,32,20,32,30
Madaline Pamela Mcknight,MPM0060,38,35,36,26,21
Tashya Adria Fowler,TAF0700,32,38,48,17,33
Megan Brynn Snyder,MBS0355,34,43,30,11,24
Cherokee Athena Horn,CAH0554,37,37,24,14,27
Allegra Mia Pierce,AMP0662,45,45,17,19,28
Ciaran Casey Fuller,CCF0877,22,22,14,13,30
Scarlett Kerry Charles,SKC0670,43,45,19,39,27
Damon Hyatt Boyle,DHB0696,39,14,38,19,28
Shad Prescott Best,SPB0408,19,40,21,19,30
Graham Neville Davis,GND0780,15,10,18,40,14
Sybil Eliana Britt,SEB0150,31,48,23,37,29
Joy Quon Justice,JQJ0479,38,37,42,13,34
Vaughan Xerxes Anderson,VXA0673,36,47,18,45,31
Erich Addison Le,EAL0240,35,46,16,49,17
Mariam Roary Jacobs,MRJ0321,42,45,42,20,24
Hakeem Walter Bond,HWB0420,46,44,16,42,29
Carson Quinn Peters,CQP0232,38,13,10,41,29
Ria Alice Rivas,RAR0927,39,48,45,16,27
Aidan Hilel Morton,AHM0091,46,30,34,35,27
Holmes Troy Burnett,HTB0658,43,10,24,19,31
Kai Susan Chaney,KSC0255,35,34,38,36,30
Amanda Beatrice Wall,ABW0271,17,23,40,22,23
Thomas Jacob Booth,TJB0250,43,44,22,37,31
Yvonne Desiree Gutierrez,YDG0180,23,20,31,19,29
Demetrius Armando Lara,DAL0189,29,18,26,16,36
Cameran Sheila Conrad,CSC0581,16,14,30,16,40
Edward Hu Pickett,EHP0795,42,49,20,15,27
Reagan Shafira Castaneda,RSC0642,39,37,42,17,18
Chancellor Lee Ratliff,CLR0460,10,34,21,36,33
Ruth Daphne Carver,RDC0283,22,33,20,13,25
Myra Casey Lambert,MCL0139,18,35,12,18,33
Ursula Quail Robbins,UQR0361,42,23,41,17,39
Hammett Robert Herrera,HRH0272,47,19,14,40,30
Nicholas Jason Potter,NJP0752,23,15,16,11,32
Velma Marah Torres,VMT0475,22,24,38,15,22
Serina Idola Douglas,SID0429,20,18,45,25,33
Zelenia Neve Snider,ZNS0213,43,38,35,25,27
Bert Beau Sloan,BBS0474,34,20,19,26,34
Herrod Stewart Monroe,HSM0330,43,20,17,22,35
Palmer Ahmed Sutton,PAS0349,19,15,25,30,40
Chaney Sean Fuentes,CSF0929,38,35,39,47,28
Ashton Lucius Mccarty,ALM0073,41,22,20,13,43
Grace Victoria Cummings,GVC0621,47,41,21,21,26
Simone Vielka Peck,SVP0644,38,39,20,21,32
Xena Uma Gibson,XUG0327,34,50,41,12,31
Glenna Leah Holman,GLH0154,40,35,21,48,31
Gisela Kelsie Yates,GKY0171,20,22,40,29,30
Jaquelyn Rebekah Valenzuela,JRV0778,37,40,41,22,31
Wanda Irene Frazier,WIF0497,48,37,34,12,27
Tucker William Mosley,TWM0306,40,15,50,17,23
Todd Amir Cote,TAC0270,13,16,18,18,31
Xenos Benjamin Byers,XBB0890,40,18,44,39,21
Imani Doris Meyer,IDM0326,41,35,45,38,27
Cherokee Germane Stokes,CGS0138,39,42,37,18,34
Thane Chaney Franklin,TCF0052,16,18,36,26,28
Isaiah Hyatt Talley,IHT0597,49,23,39,23,24
Len Zachery Vaughn,LZV0162,47,20,46,47,32
Graiden Tanek Christensen,GTC0331,10,38,26,40,31
Selma Shana Haley,SSH0937,31,35,16,17,26
Althea Myra Hamilton,AMH0857,30,38,35,42,28
Bruno Eric Kim,BEK0623,23,10,17,23,27
Kibo Burke Camacho,KBC0531,23,17,25,37,25
Drew Ezra Walsh,DEW0770,24,23,27,33,31
Jemima Jane Park,JJP0687,42,43,32,36,32
Hunter Flynn Pope,HFP0394,25,41,45,36,36
Yetta Chava Harvey,YCH0796,35,42,21,21,28
Anne Zia Hawkins,AZH0595,43,37,48,22,27
Cassandra Francesca Buchanan,CFB0034,46,40,16,16,27
Maia Paloma Long,MPL0185,30,43,15,38,23
Damon Rashad Weaver,DRW0195,35,19,11,43,31
Emerald Bree Hart,EBH0612,39,43,25,18,25
Hiram Jasper Velez,HJV0721,21,37,23,34,26
Nyssa Zephr Tyler,NZT0335,20,17,43,23,37
Danielle Ila Benson,DIB0207,43,44,43,18,25
Damon Emerson Shelton,DES0075,40,23,10,19,33
Laura Aspen Dunlap,LAD0514,45,44,47,17,29
Iliana Ruth Foley,IRF0054,36,34,18,42,33
Suki Daria Puckett,SDP0142,33,32,20,48,24
Cynthia Cheyenne Melton,CCM0822,40,43,12,35,23
Jonathan Gary Casey,JGC0105,39,18,39,22,18
Baxter Knox Mejia,BKM0492,36,24,38,36,36
Hakeem Herman Buck,HHB0156,18,30,25,29,22
Oscar Reece Cote,ORC0489,20,14,21,22,26
Aline Vanna Rojas,AVR0566,21,36,20,29,19
Kasper Zeph Moran,KZM0791,20,35,21,46,39
Janna Aretha Woodward,JAW0003,21,21,35,20,28
Madeson Chanda Foley,MCF0456,19,23,45,47,31
Giselle Shellie Barnett,GSB0575,17,11,35,29,30
Dante Elmo Weber,DEW0544,34,24,38,40,28
Kyla Katelyn Calhoun,KKC0234,38,43,41,22,33
Octavius Ulric Sexton,OUS0309,30,27,19,16,21
Harrison Alec Mccormick,HAM0510,25,13,10,30,38
Raphael Jarrod Hammond,RJH0445,18,24,35,36,31
Brian Jesse Gentry,BJG0120,42,14,17,35,32
Chastity Shaine Floyd,CSF0671,47,28,43,15,27
Carl Scott Hooper,CSH0056,34,21,12,15,31
Nash Derek Alford,NDA0686,25,42,25,43,32
Abigail Rylee Bean,ARB0002,32,39,35,35,26
Rudyard Drake Hampton,RDH0439,25,20,26,41,26
Hyacinth Hanae Leonard,HHL0126,40,37,28,39,30
Aaron Dolan Hill,ADH0427,18,16,17,44,24
Giacomo Hamilton Giles,GHG0667,48,23,41,39,32
Cassady Riley Alvarez,CRA0098,45,40,41,18,28
Jerome Levi Mcclain,JLM0399,16,25,40,30,23
Ramona Sandra Parrish,RSP0404,38,37,45,21,26
Tobias Brady Fletcher,TBF0598,35,19,28,19,30
Lysandra Keiko Franks,LKF0122,38,37,22,25,30
Evangeline Chava Curtis,ECC0383,39,38,37,14,27
Brynne Irma Britt,BIB0251,12,21,40,30,29
Lars Scott Hatfield,LSH0223,21,23,10,34,27
Hunter Stephen Slater,HSS0758,37,45,19,24,34
Kelsie Mia Humphrey,KMH0998,39,38,38,18,27
Madeline Mia Schultz,MMS0872,31,34,36,21,26
Evelyn Xena Santana,EXS0046,41,35,50,35,32
Chase Jakeem Manning,CJM0970,13,18,41,30,29
Breanna Leila Alexander,BLA0039,37,30,24,40,29
Dane Bert Mcfadden,DBM0279,10,43,17,34,34
Anastasia Ava Curry,AAC0070,34,45,35,23,37
Judah John Barker,JJB0371,11,22,22,36,29
Quentin Benjamin Stout,QBS0449,30,19,30,26,28
Doris Harriet Humphrey,DHH0260,40,43,32,12,24
Edan Quinn Randolph,EQR0340,23,12,32,19,23
Paula Dorothy Dalton,PDD0188,40,40,34,19,32
Lana Uma Alexander,LUA0184,39,34,45,24,31
Hanna Priscilla Strickland,HPS0247,32,32,44,44,32
Adele Ursa Suarez,AUS0564,43,45,17,43,34
Ina Karyn Wilkerson,IKW0723,27,22,39,25,20
Maya Iona Huff,MIH0767,46,39,24,18,27
Calvin Asher Nguyen,CAN0178,46,25,30,42,41
Zoe Jena Williams,ZJW0947,35,48,38,18,22
Gay Kylynn Holden,GKH0643,39,41,39,44,34
Robert Herrod Walter,RHW0592,28,20,39,37,26
Halee Morgan Wilkins,HMW0274,41,41,26,40,33
Delilah Melissa Boyer,DMB0653,16,25,42,19,34
Russell Len Carpenter,RLC0550,37,22,20,35,26
Camden Calvin Norris,CCN0067,36,49,24,43,29
Suki Ginger Estes,SGE0112,41,45,36,36,32
Prescott Chase Lowe,PCL0813,27,17,47,39,32
Christian Thomas Copeland,CTC0050,36,18,37,50,25
Hamish Keith Hart,HKH0249,48,17,13,41,31
Oscar Simon Terry,OST0939,16,39,17,39,26
Kato Rafael Hubbard,KRH0812,41,14,24,15,16
Jerome Alec Wallace,JAW0007,43,19,13,35,32
Autumn Shaeleigh Fox,ASF0328,50,42,25,22,28
Robert Harrison Richard,RHR0856,20,36,23,43,27
Allegra Brianna Stanton,ABS0125,41,49,34,20,31
Oleg Ahmed Porter,OAP0953,39,21,18,16,35
Kelly Cade Barnes,KCB0534,48,30,43,21,27
Pearl Stella Silva,PSS0935,43,34,42,22,36
Maxwell Driscoll Gross,MDG0601,22,37,33,20,29
Drake Fletcher French,DFF0273,22,19,22,23,31
Mari Jamalia Owen,MJO0963,37,50,20,30,33
Rogan August Reed,RAR0547,43,41,20,45,25
McKenzie Unity Tran,MUT0603,38,38,42,18,29
Nicole Karina Brock,NKB0411,44,37,36,23,32
Ocean Clementine Long,OCL0135,40,38,26,37,33
Serina Ginger Nielsen,SGN0512,31,44,37,18,35
Yolanda Quynn Horne,YQH0930,14,37,18,40,28
Dillon Benjamin Valenzuela,DBV0277,23,25,22,21,23
Genevieve Rhoda Barber,GRB0058,24,19,30,22,31
Blake Noble Terrell,BNT0819,37,26,44,29,30
Athena Sylvia Russo,ASR0889,50,33,35,18,32
Jada Quinn Vang,JQV0922,42,30,24,46,24
Leo Edward Hopkins,LEH0789,37,25,44,13,32
Leah Molly Tate,LMT0062,21,21,40,26,28
Theodore Upton Barry,TUB0881,21,19,34,22,32
Jessamine Zelenia Alvarado,JZA0447,37,32,30,10,28
Edan Colton Richards,ECR0818,18,35,40,14,26
Howard Jonathan Contreras,HJC0591,35,27,17,38,33
Azalia Inez Benton,AIB0005,40,47,20,22,23
Lance Curran Mathews,LCM0360,41,20,36,19,27
Benedict Noah Foreman,BNF0925,30,13,15,33,30
Tanya Blaine Ferrell,TBF0641,20,25,44,24,38
Rudyard Talon Hickman,RTH0015,39,23,40,35,30
Oscar Camden Graham,OCG0047,22,37,38,23,25
MacKenzie Yael Beasley,MYB0285,40,43,14,22,32
Uta Adele Powers,UAP0214,38,36,32,42,25
Hedwig Angelica Jacobs,HAJ0975,39,34,16,22,25
Robert Leonard Hernandez,RLH0287,37,45,42,43,31
Julie Cecilia Arnold,JCA0841,21,16,43,21,20
Griffin Ishmael Moore,GIM1000,17,18,37,37,24
Noelani Rebekah Farmer,NRF0610,45,35,27,44,29
Kiona Alyssa Gilmore,KAG0412,46,18,47,18,19
Ira Rooney Franklin,IRF0104,14,43,18,36,31
Ahmed Merrill Rodgers,AMR0208,46,43,12,30,33
Miranda Natalie Tate,MNT0552,40,38,50,20,30
Moses Quincy Finch,MQF0815,17,19,43,28,25
Rhoda Pamela Mcleod,RPM0498,42,43,20,21,24
Bruno Jakeem England,BJE0520,40,14,18,21,24
Edward Plato Parks,EPP0584,21,12,10,34,25
Rose Shay Bishop,RSB0102,46,41,21,36,30
Mercedes Stephanie Calderon,MSC0284,40,32,11,24,29
Kenyon Salvador May,KSM0561,24,14,30,36,35
Alyssa Kimberly Pratt,AKP0783,41,41,40,41,32
Odessa Susan Bowman,OSB0976,19,21,45,30,25
Suki Linda Odom,SLO0231,30,33,38,15,25
Andrew Tobias Briggs,ATB0235,18,33,42,22,21
Sloane John Peters,SJP0744,50,17,38,32,23
Callie Glenna Hodge,CGH0679,33,45,41,39,37
Kitra Jenette Patel,KJP0844,39,23,19,37,42
Maggy Aspen Pitts,MAP0557,43,35,18,36,31
Tanisha Chelsea Preston,TCP0378,16,27,41,14,32
Roth Malcolm Yang,RMY0747,29,36,25,45,34
Natalie Quyn Wilkins,NQW0750,44,43,10,46,31
Destiny Kelsie Fletcher,DKF0483,40,47,33,41,31
Silas Hop Walker,SHW0128,27,39,16,34,33
Armando James Ortega,AJO0389,25,12,44,49,28
Nicole Quincy Townsend,NQT0979,41,44,38,45,28
Taylor Hedley Yates,THY0079,16,32,43,44,32
Chantale Brenda Boone,CBB0609,32,37,22,48,18
Remedios Hyacinth Montgomery,RHM0081,46,45,38,17,30
Roth Laith Pena,RLP0021,37,40,20,17,32
Trevor Armand Greene,TAG0114,42,16,22,43,30
Dora Kiara Pearson,DKP0403,40,37,26,43,26
Kyle Ashton James,KAJ0233,24,32,46,22,36
Stephen Nissim Graves,SNG0943,23,40,34,17,29
Rhiannon Daphne Alston,RDA0843,40,37,21,48,28
Nelle Jade Mcdowell,NJM0628,42,34,21,50,20
Caleb Leroy Mccoy,CLM0315,10,41,20,28,32
Virginia Rama Leach,VRL0117,38,39,44,23,28
Kai Alexandra Carroll,KAC0037,48,45,17,22,28
Daniel Phillip Bauer,DPB0652,20,44,38,14,23
Brenna Martha Russell,BMR0341,38,40,17,23,26
Shaeleigh Stella Chambers,SSC0749,47,36,46,37,25
George Kaseem Cline,GKC0892,21,14,47,17,23
Lillith Sade England,LSE0108,41,36,41,19,38
Cade Ignatius Mooney,CIM0473,14,22,40,26,28
Wyatt Aristotle Romero,WAR0440,21,17,15,38,30
Herrod Len Parker,HLP0506,38,15,21,30,31
Yvonne Adena Porter,YAP0560,41,41,41,44,27
Angelica Shelly Ortega,ASO0737,50,35,32,35,20
Emerald Glenna Lester,EGL0836,10,15,40,45,24
Dieter Kendall Shaffer,DKS0893,40,10,16,30,36
Joshua Taylor Sims,JTS0917,25,29,32,30,26
Cullen Arden Wolf,CAW0115,13,17,40,44,33
Jennifer Teagan Colon,JTC0313,47,45,19,40,29
Ross Tanner Clements,RTC0816,18,20,39,43,38
Omar Christopher Calderon,OCC0316,39,50,22,41,25
Samuel Tad Acevedo,STA0107,23,17,34,18,19
Beck Colin Dean,BCD0482,44,40,40,43,24
Colby Howard Petersen,CHP0446,14,24,23,17,22
Lamar Oleg Donaldson,LOD0682,22,38,36,20,35
Joseph Colorado Lester,JCL0430,40,35,25,33,26
Urielle Alexis Bartlett,UAB0016,40,39,48,42,27
Uta Jayme Brennan,UJB0444,39,39,18,45,30
Ezra Chadwick Sargent,ECS0954,20,40,40,19,23
Shoshana Portia Mendoza,SPM0388,40,39,35,17,35
Joy Brynne Reese,JBR0891,32,20,28,18,23
Chancellor Roth Manning,CRM0666,49,20,38,35,38
Odysseus Finn Shepherd,OFS0338,26,42,18,43,34
Zeus Edward Dawson,ZED0676,35,29,20,20,29
Christopher Murphy Dodson,CMD0693,21,38,15,34,25
Amaya Amy Patterson,AAP0946,37,30,13,35,23
Joel Ezra Parks,JEP0793,18,25,24,44,36
Brenden Rahim Sweeney,BRS0802,27,22,39,21,41
Irene Beatrice Cotton,IBC0664,45,36,48,23,28
Paki Jason Emerson,PJE0714,24,44,40,16,25
Autumn Sara Snider,ASS0569,41,39,17,45,16
Roanna Jillian Johnson,RJJ0788,40,40,13,21,28
Adria Sasha Wise,ASW0536,33,30,24,22,31
Griffin Erich Underwood,GEU0919,20,44,12,37,34
Uta Jamalia Bullock,UJB0529,25,16,37,18,34
Salvador Quinn Price,SQP0157,12,39,20,17,26
Cyrus Jin Park,CJP0221,21,40,22,19,27
Sarah Penelope Duffy,SPD0384,32,40,36,23,32
Vance Joshua Booth,VJB0695,27,25,20,30,23
Palmer Nathaniel Church,PNC0141,19,21,17,22,30
Beck Cain Marsh,BCM0382,42,45,13,39,22
Vera Nicole Hardin,VNH0910,41,38,27,41,18
Wing Aidan Waters,WAW0242,27,36,38,19,24
Adele Carol Banks,ACB0393,40,40,17,23,25
Castor Cruz Curtis,CCC0192,10,16,19,33,25
James Harrison Wynn,JHW0820,36,32,11,42,30
Hector Martin Daugherty,HMD0974,16,20,23,19,36
Ginger Lana Watts,GLW0278,16,15,33,18,39
Kathleen Molly Hunter,KMH0307,37,19,34,19,33
Melissa Zelenia Lindsey,MZL0458,28,37,35,17,25
Chandler Erasmus Bradford,CEB0158,14,43,14,49,34
Avram Nasim Roach,ANR0792,35,35,10,50,31
Walter Moses Noble,WMN0451,30,23,25,30,35
Lila Brooke Mann,LBM0101,17,12,17,19,33
Lars Kenyon Harding,LKH0870,21,25,30,30,23
Jane Amela Richards,JAR0172,41,40,22,31,28
Dorian Samson Randall,DSR0228,18,38,44,23,26
Nichole Maisie Leach,NML0829,26,31,17,14,25
Gareth Galvin Hendricks,GGH0657,34,39,26,42,30
Clinton Quinn Cameron,CQC0853,35,14,18,28,32
Lev Baxter Cabrera,LBC0918,36,37,15,37,29
Ira Jared Mckenzie,IJM0436,37,36,21,38,24
Kyle Troy Hull,KTH0256,42,20,20,45,27
Kendall Imani Lancaster,KIL0618,35,37,37,30,28
Elmo Dale Patterson,EDP0470,27,30,19,21,34
Cyrus Macaulay Middleton,CMM0300,50,19,31,36,32
Harper Herrod Baldwin,HHB0090,12,13,24,25,31
Octavia Claudia Bell,OCB0146,44,43,32,17,33
Burton Isaiah Blevins,BIB0407,35,21,15,41,31
Norman Leo Pierce,NLP0555,19,21,38,27,27
Chaney Amir Ross,CAR0784,43,19,22,46,28
Britanni Josephine Garrett,BJG0097,36,36,13,17,26
Diana Alea Dominguez,DAD0916,38,46,25,34,30
Odysseus Plato Reeves,OPR0416,43,38,20,38,30
Xander Byron Walter,XBW0181,45,28,38,43,22
Quintessa Kaye Walter,QKW0826,37,48,15,42,25
Macy Imani Mclean,MIM0352,10,19,38,18,34
Warren Louis Mayo,WLM0720,15,10,30,19,31
Ina Meredith Burnett,IMB0459,34,34,18,44,33
Wendy Stacy Norman,WSN0932,42,46,17,14,31
Jaime Blaine Robbins,JBR0333,37,40,44,43,24
Buffy Imogene Robles,BIR0678,39,43,21,21,24
Ivory Ann Shelton,IAS0296,37,39,40,33,29
Ezra Reuben Warner,ERW0745,47,13,38,36,25
Lee Yen Frazier,LYF0587,35,30,36,34,37
Melanie Iris Kaufman,MIK0681,40,42,19,10,25
Jane Odessa Mccullough,JOM0175,16,33,22,24,26
Lane Jonathan Bridges,LJB0106,39,24,18,17,31
Cora Rose Graves,CRG0324,45,36,43,35,32
Gisela Eleanor Carroll,GEC0280,50,50,30,33,30
Magee Kane Delgado,MKD0730,19,20,25,13,30
Ivan Avram Hanson,IAH0365,22,13,39,15,34
Jackson Theodore Sharp,JTS0619,25,47,29,34,28
Meredith Carly Richardson,MCR0951,32,40,44,46,23
Amelia Justina Horn,AJH0410,30,41,46,19,30
Robert Cooper Holloway,RCH0842,22,29,40,30,34
Joel Brenden Vasquez,JBV0604,36,13,14,25,34
Britanney Willa Wallace,BWW0834,16,38,14,43,18
George Rahim Cross,GRC0025,33,24,39,40,24
Bell Zoe Terry,BZT0160,37,43,19,20,29
Cynthia Blythe Jenkins,CBJ0373,18,20,40,17,35
Mariko Zephr Page,MZP0236,39,17,44,22,33
Warren Bruno Yang,WBY0542,40,38,10,37,25
Olga Jane Bonner,OJB0082,39,24,16,17,37
Lawrence Mark Harrington,LMH0724,20,10,25,28,26
Tad Gabriel Mays,TGM0589,14,24,43,38,33
Germaine Cameran Irwin,GCI0248,40,30,42,12,38
Blaine Nora Brown,BNB0478,20,32,14,18,27
Donna Carissa Herrera,DCH0627,13,30,43,40,31
Laith Dante Forbes,LDF0262,24,14,21,44,30
Natalie Kendall Riggs,NKR0864,34,39,23,13,23
Barbara Jamalia Hahn,BJH0243,34,39,21,43,29
Honorato Salvador Morris,HSM0733,35,19,37,14,34
Sade Lavinia Colon,SLC0113,44,46,43,42,25
Francesca Aimee Mendoza,FAM0455,40,48,17,21,34
Hiram Sawyer Sykes,HSS0018,30,18,15,39,25
Timothy Deacon Bates,TDB0268,38,23,40,21,32
Ciara Wynne Acevedo,CWA0310,21,20,47,20,31
Joan Fiona Mercer,JFM0703,23,19,38,25,32
Marny Scarlett Dean,MSD0674,36,47,14,41,34
Guy Quamar Griffin,GQG0464,35,28,20,12,36
Octavia Ella Murray,OEM0048,39,39,18,40,32
Uriel Kermit Wall,UKW0675,44,16,39,16,32
Hamilton Donovan Waller,HDW0495,37,43,10,42,36
Taylor Brady House,TBH0308,38,21,43,39,27
Kaden Tarik Giles,KTG0001,23,20,15,37,36
Garrett Armando Porter,GAP0417,30,38,20,35,25
Eden Ahmed Fitzgerald,EAF0790,19,31,25,49,26
Quon Rana Flynn,QRF0629,34,42,40,41,33
Jolene Cameron Jacobs,JCJ0477,46,47,30,15,32
Venus Bethany Macdonald,VBM0960,40,42,38,42,35
Sage Hanae Long,SHL0395,37,30,18,16,32
Albert Colt Wiggins,ACW0546,19,36,30,34,34
Bo Mira Dillard,BMD0342,46,30,25,23,21
Jaden Alisa Waller,JAW0168,47,38,38,36,29
Barclay Adrian Weiss,BAW0461,42,22,25,37,33
Cameron Armando Witt,CAW0771,19,20,38,25,27
Orson Abbot Walker,OAW0299,37,30,29,39,36
Emerald Nomlanga Wilkerson,ENW0086,42,30,47,50,30
Jack Nicolas Christensen,JNC0320,30,25,39,41,29
Bevis Dante Mayo,BDM0385,17,42,20,25,24
Joelle Molly Mccarty,JMM0886,39,40,25,42,33
Halee Tallulah Wynn,HTW0794,34,30,23,20,34
Sloane Lacey Mcmahon,SLM0993,35,39,20,19,34
Melyssa Deborah Spence,MDS0121,32,43,25,26,28
Perry Deacon Harding,PDH0697,40,20,19,41,31
Dean Harper Witt,DHW0130,11,39,24,40,26
Rachel Jeanette Levine,RJL0683,42,37,28,10,31
Carson Amal Orr,CAO0899,38,34,11,17,33
Dane Vladimir Schmidt,DVS0259,17,44,20,46,26
Perry Reese Morton,PRM0153,22,39,23,22,26
Ivana Cecilia Patton,ICP0596,45,36,30,40,26
Holmes Castor Hanson,HCH0981,14,42,34,21,18
Minerva Jocelyn Buckner,MJB0540,41,18,18,10,33
Chandler Robert Warner,CRW0064,37,10,33,44,28
Karleigh Gemma Morales,KGM0616,20,30,37,23,31
Chancellor Rigel William,CRW0908,43,47,17,21,31
Beau Giacomo Chang,BGC0538,22,18,19,34,36
Yvonne Stacy Jordan,YSJ0565,39,37,46,14,36
Lucian Rajah Lloyd,LRL0873,39,15,19,44,15
Jaden Lara Higgins,JLH0275,37,17,37,23,26
Jolie Uta Cummings,JUC0443,34,35,26,40,37
Levi Keegan Foley,LKF0701,13,28,42,45,34
Cole Dorian Gibbs,CDG0487,42,30,19,38,31
Eve Skyler Nelson,ESN0827,42,39,17,42,32
Lester Thane Johns,LTJ0022,47,28,19,34,26
Joshua Jamal Bowen,JJB0986,20,19,38,19,40
Rinah Kiayada Oconnor,RKO0962,37,45,20,39,34
Riley Mari Owens,RMO0425,45,38,36,16,27
Quamar Otto Padilla,QOP0491,17,21,45,18,29
Shannon Iola Frye,SIF0182,40,37,39,22,26
Darius William Perez,DWP0971,47,26,45,19,25
Kendall Nevada Coffey,KNC0291,37,40,39,19,27
Sonia Nerea Love,SNL0096,18,40,37,41,38
Howard Connor Sutton,HCS0965,19,40,19,37,32
Audra Madonna Tran,AMT0293,45,42,13,24,35
Rhona Paula Hammond,RPH0848,42,44,34,14,29
Sade Beatrice Day,SBD0434,45,17,36,22,40
Beau Nathan Brown,BNB0938,47,33,32,39,26
Alexandra Tanisha Vargas,ATV0292,45,45,36,39,29
Hashim Kasper Woodard,HKW0211,10,24,24,27,30
Matthew Lyle Manning,MLM0885,14,16,37,42,39
Rebekah Orla Moreno,ROM0811,40,38,15,37,22
Lucius Cullen Gallagher,LCG0665,38,22,43,38,38
Jane Erica Davis,JED0704,36,39,15,17,28
Beck Phillip Blevins,BPB0061,25,25,27,13,30
Duncan Ulysses Watts,DUW0537,34,10,45,15,32
Amos Jermaine Lane,AJL0593,18,16,43,23,30
Celeste Quintessa Rivera,CQR0391,31,40,18,30,29
Camilla Ramona Mcleod,CRM0852,43,44,35,21,35
Benjamin Prescott Elliott,BPE0219,18,39,41,18,27
Garrison Davis Knight,GDK0694,41,15,18,43,26
Dylan Kaden Bonner,DKB0775,25,24,25,18,37
Olivia Kylee Castaneda,OKC0525,33,37,12,20,31
Wallace Mannix Deleon,WMD0345,28,24,17,40,25
Xanthus Malachi Larson,XML0742,46,34,16,37,26
Rudyard Davis Barnett,RDB0846,42,23,14,33,28
Guy Lev Parrish,GLP0163,35,27,25,20,26
Arden Chaim Cohen,ACC0950,26,10,21,45,28
Gil Walker Gaines,GWG0024,41,29,38,42,27
Quemby Charity Dudley,QCD0718,46,25,23,22,36
Rina Charissa Bean,RCB0768,44,42,34,14,28
Hermione Quynn Cross,HQC0608,42,17,43,15,28
Cole Thor Manning,CTM0803,43,25,15,30,32
Burke Reed Haynes,BRH0362,26,15,33,47,33
Cadman Allen Bailey,CAB0422,45,29,17,38,30
Aladdin Mufutau Finch,AMF0083,36,14,21,39,22
Meredith Sonya Pratt,MSP0516,40,36,42,17,22
Natalie Lysandra Christian,NLC0876,30,45,21,34,27
Wade Warren Rivers,WWR0317,16,35,20,13,39
Mohammad Armando Vega,MAV0711,19,13,18,18,37
Morgan Avye Banks,MAB0377,19,43,20,19,25
Rebekah Naomi Russell,RNR0344,16,23,37,20,30
Vaughan Dillon Branch,VDB0894,39,21,21,17,25
William Hu Chang,WHC0684,33,13,43,18,32
Xavier Owen Huff,XOH0359,27,22,15,25,29
Kelsey Olivia Mosley,KOM0357,34,43,35,22,32
Gretchen Wendy Cleveland,GWC0187,39,40,25,20,40
Cruz Benedict Hale,CBH0656,47,25,40,46,31
Upton Victor Stanton,UVS0368,20,21,37,36,29
Jenna Kiona Dickerson,JKD0625,35,36,33,17,32
Evelyn Jane Wong,EJW0059,37,35,19,33,32
Jade Portia Foley,JPF0028,21,39,22,47,29
Edward Benjamin Buck,EBB0031,36,37,23,33,27
Lucius Ulysses Phelps,LUP0038,49,40,43,34,31
Olivia Lacy Mcpherson,OLM0165,50,41,10,37,32
Yardley Caleb Sawyer,YCS0499,41,18,17,40,20
Hayes Tobias Mcdowell,HTM0956,24,49,38,19,32
Lucian Elijah Brooks,LEB0888,37,26,17,43,19
Rebecca Rhiannon Battle,RRB0952,41,44,19,24,20
Chloe Darrel Hobbs,CDH0990,40,50,20,15,30
Tasha Hollee Dalton,THD0781,37,42,19,21,29
Carol Reagan Mcmillan,CRM0133,43,28,43,48,19
Nita Evelyn Ellison,NEE0218,39,40,28,40,36
Fay Tatum Pierce,FTP0140,30,18,36,38,36
Lana Xandra Waller,LXW0999,20,26,45,20,35
Nolan Richard Blackburn,NRB0689,34,23,19,21,27
Zorita Kylee Carr,ZKC0722,23,19,38,23,23
Irma Liberty Burns,ILB0480,40,37,38,18,29
Todd Jonathan Shields,TJS0397,44,23,21,40,28
Callie Sierra Gates,CSG0227,16,40,20,10,28
Nina Justina Goodman,NJG0654,50,36,36,40,33
Ashely Kai Bruce,AKB0574,39,42,24,34,29
Haviva Riley Nelson,HRN0322,38,38,44,40,23
Chase Lane Booth,CLB0748,33,45,13,44,26
Basil Shad Schwartz,BSS0707,32,19,37,47,35
Adele Jorden Preston,AJP0155,50,45,18,47,25
Connor Giacomo Knight,CGK0725,36,13,36,42,44
Carissa September Pena,CSP0983,43,27,17,31,27
Ethan Robert Bryan,ERB0769,41,36,14,37,28
Drew Lucian Sandoval,DLS0375,20,43,20,45,20
Shaine Alexa Cobb,SAC0882,41,44,49,23,23
Zelenia Charlotte Lamb,ZCL0880,10,41,22,16,22
Chava Alisa Porter,CAP0305,45,33,22,23,26
Kirk Cade Franks,KCF0224,33,30,39,20,38
Ingrid Alma Fields,IAF0828,37,42,39,40,27
Catherine Uta Calhoun,CUC0118,43,38,40,40,28
Kyra Fiona Bonner,KFB0241,38,49,42,40,31
Seth Kasper Nelson,SKN0177,24,23,42,25,29
Jaquelyn September David,JSD0488,40,34,21,18,28
Laura Moana Rowland,LMR0049,45,43,33,14,27
Thomas Luke Gonzales,TLG0199,43,40,43,38,32
Jeanette Vera Carlson,JVC0800,23,17,43,43,22
Phoebe Hedy Pittman,PHP0193,34,30,14,11,23
Leigh Ina Merrill,LIM0602,43,40,36,15,29
Taylor Samantha Torres,TST0116,42,12,43,25,35
Upton Kevin Wilcox,UKW0099,42,46,20,43,33
Raven Shellie Owen,RSO0354,37,38,25,17,23
Shelley Quynn Emerson,SQE0179,47,39,15,12,28
Tate Yasir Roman,TYR0442,34,16,21,26,32
Buffy Meredith Giles,BMG0006,34,38,21,36,19
Jameson William Schultz,JWS0948,23,34,39,36,33
Jolene Lavinia Houston,JLH0732,42,44,41,41,21
Mallory Lynn Osborn,MLO0553,17,19,42,18,26
Jameson Orlando Sosa,JOS0323,17,20,18,39,34
Ciaran Theodore Maxwell,CTM0390,47,21,23,35,30
Tanek Harding Simpson,THS0145,23,19,36,18,28
Deborah Zenaida Blankenship,DZB0401,38,35,11,15,25
Illiana Wynter Simmons,IWS0585,20,22,49,23,28
Thomas Garrison Flynn,TGF0571,40,23,31,19,29
Ross Dean Sharpe,RDS0858,22,30,13,42,33
Laith Arden Gardner,LAG0639,33,35,20,34,27
Elmo Brendan Haynes,EBH0519,45,33,11,31,25
Ivy Inez Sharpe,IIS0810,42,10,22,16,29
Amela Hannah Sweeney,AHS0205,36,38,31,22,29
Chancellor Paki Sandoval,CPS0431,33,40,23,49,35
Lucas Grady Wyatt,LGW0987,32,12,44,38,26
Jackson John Fleming,JJF0924,40,22,36,18,29
Brenna Adria Kline,BAK0530,43,40,20,37,27
Hu William Tyson,HWT0469,39,35,50,44,33
Kadeem Troy Randolph,KTR0907,21,26,26,24,42
Anthony Reece Mckay,ARM0257,39,19,19,22,31
Jennifer Abigail Ortega,JAO0817,34,36,42,19,33
Thomas Ryder Wolfe,TRW0379,35,29,41,45,38
Brennan Jesse Carlson,BJC0265,36,20,18,26,38
Minerva Ocean Pratt,MOP0874,40,35,43,47,34
Chase Castor Rush,CCR0509,18,16,26,44,34
Paloma Haviva Henry,PHH0717,17,16,40,20,31
Shaeleigh Melinda Diaz,SMD0814,13,30,30,30,31
Benjamin Gary Baird,BGB0727,24,23,40,40,35
Nicholas Anthony Dixon,NAD0041,44,17,23,36,38
Norman Levi Bentley,NLB0989,20,17,21,15,29
Axel Xerxes Chapman,AXC0137,37,27,24,17,28
Curran Yoshio Mcknight,CYM0808,47,22,25,12,27
Ina Ainsley Stuart,IAS0626,33,43,21,30,31
Hanna Miranda Lindsay,HML0159,48,23,46,14,30
Ima Quintessa Williams,IQW0294,16,21,43,24,27
Garrison George Guerrero,GGG0825,19,21,36,17,22
Emerald Camilla Frazier,ECF0196,38,43,25,23,28
Whilemina Shafira Perry,WSP0210,32,42,26,43,28
Stephen Timothy Waters,STW0702,25,18,22,19,24
Eden Boris Chase,EBC0186,25,36,37,31,34
Lavinia Faith Ratliff,LFR0605,21,29,39,18,33
Hector Jonah Kim,HJK0496,44,17,20,34,37
Sarah Bryar Whitfield,SBW0222,40,20,22,20,28
Benjamin Rahim Crane,BRC0579,24,10,45,17,32
Bruce Ezra Santos,BES0161,42,30,23,45,29
Hanae Kiayada Holder,HKH0136,24,39,18,22,24
Hiram Charles Hurley,HCH0753,36,21,45,44,20
Ferdinand Leonard Roth,FLR0476,10,19,37,23,27
Kathleen Kelsie Page,KKP0830,39,41,20,43,27
Kirsten Nevada Wilkerson,KNW0405,32,33,19,32,36
Geraldine Linda Warner,GLW0148,41,36,40,14,33
Martena Tatyana Cash,MTC0911,42,44,44,13,25
Cynthia Rhoda Little,CRL0909,31,43,15,19,27
Honorato Kennedy Knox,HKK0961,20,16,16,30,31
Denton Casey Meadows,DCM0467,45,16,19,22,24
Armando Elijah Mcpherson,AEM0896,25,39,17,46,35
Caesar Zeus Black,CZB0191,43,23,20,13,26
Jerry Vincent Shepherd,JVS0212,17,13,10,18,34
Astra Montana Oliver,AMO0751,37,17,11,22,21
Rigel Dominic Bowman,RDB0837,21,40,24,30,32
Shafira Jenette Fowler,SJF0940,39,50,39,19,39
George Tad Foster,GTF0396,39,38,18,50,26
India Karina Todd,IKT0755,38,14,50,19,39
Hilda Madonna Rodgers,HMR0409,43,37,17,40,31
Edward Vance Woodard,EVW0901,41,45,19,39,34
Justine Amy Lara,JAL0281,35,16,20,19,37
India Rinah Murphy,IRM0637,41,37,22,14,34
Neil Tad Cochran,NTC0176,15,40,30,37,36
Minerva Maya Mcintyre,MMM0840,31,35,21,28,27
Quynn Rylee Hood,QRH0348,44,42,21,27,22
Maggie Quemby Mccray,MQM0127,33,41,21,22,35
Jasmine Ria Banks,JRB0424,21,36,47,43,31
Brock Reese Stanley,BRS0468,26,29,12,14,32
Mollie Jemima Roth,MJR0336,31,37,36,42,31
Rowan Justina Tyler,RJT0913,17,21,44,10,20
Conan Burton Blackburn,CBB0661,11,45,29,37,29
Ayanna Stacey Leblanc,ASL0677,21,13,41,41,20
Abigail Brianna Terrell,ABT0490,39,33,27,40,27
Garrett Nehru Gordon,GNG0386,30,15,23,26,27
Colette Eden Foley,CEF0928,18,44,32,50,25
Ora Orla Branch,OOB0432,19,29,27,46,27
Alma Barbara Moon,ABM0173,32,38,17,39,26
Patrick Paul Robles,PPR0402,25,21,35,27,30
Ivana Sasha Blankenship,ISB0351,23,24,38,42,35
Chava Ursa Dotson,CUD0505,19,14,35,33,26
Dorothy Zenia Odonnell,DZO0452,38,33,40,40,29
Benedict Sebastian Allen,BSA0663,39,18,44,31,28
Brianna Ruby Bender,BRB0807,21,39,13,25,17
Emmanuel Casey Wiggins,ECW0754,16,41,49,14,38
Jeremy Logan Hill,JLH0035,18,39,20,39,25
Holmes Francis Foley,HFF0415,34,36,19,44,26
Brett Aidan Duke,BAD0541,40,20,23,40,23
Eric Ulric Conley,EUC0551,37,18,34,25,35
Vera Eve Pollard,VEP0734,32,46,14,19,30
Danielle Quon Mosley,DQM0392,41,43,17,37,43
Thomas Jermaine Combs,TJC0370,37,17,46,46,28
Evan Bevis Colon,EBC0071,44,28,14,15,26
Britanney Maile Wallace,BMW0898,32,37,41,42,27
Rama Lesley Mcclain,RLM0528,40,50,42,22,32
Mikayla Sacha Figueroa,MSF0206,33,41,39,46,31
Vladimir Dale Tyson,VDT0838,46,17,32,40,24
Drake Ivan Mejia,DIM0254,18,23,22,48,27
Idona Amela Frederick,IAF0204,18,18,38,43,24
Benjamin Gannon Rodriquez,BGR0068,39,22,26,40,26
Stephanie Farrah Moreno,SFM0991,22,21,46,20,34
Ferris Thomas Vargas,FTV0941,40,21,40,11,33
Kylan Pamela Barry,KPB0549,33,38,27,46,30
Yuri Kylan Weaver,YKW0319,37,42,38,26,24
Zachery Ashton Stewart,ZAS0669,12,21,34,27,34
Casey Adena Butler,CAB0705,12,17,40,21,23
Denise Lacy Harmon,DLH0806,49,42,37,19,22
Zia Shoshana Pitts,ZSP0972,37,45,31,24,32
Zeph Ezekiel Richards,ZER0363,40,24,23,27,29
Curran Nolan Carney,CNC0691,38,11,44,26,28
Raymond Tucker Holt,RTH0985,19,41,35,10,25
Sloane Zachery Griffin,SZG0295,50,18,30,21,28
Illiana Raven Conner,IRC0741,35,44,25,20,37
Nicole Uma Guthrie,NUG0614,38,41,39,12,23
John Robert Blankenship,JRB0942,20,22,46,38,33
James Ivor Bowen,JIB0860,30,44,26,19,30
Kelly Elton Porter,KEP0423,41,28,43,25,29
Kirk Xanthus Fleming,KXF0634,10,34,15,39,33
Vladimir Uriel Barker,VUB0709,43,29,22,43,28
Lev Colby Pope,LCP0957,37,11,38,17,31
Daquan Wing Gutierrez,DWG0209,39,10,16,46,18
Gillian Brenna Conley,GBC0129,21,41,24,24,32
Desiree Claudia Booth,DCB0109,35,40,40,49,29
Jorden Maris Clemons,JMC0198,41,40,26,14,30
Kitra Montana Henderson,KMH0400,47,44,14,20,29
Melodie Chastity Horne,MCH0731,35,30,38,21,24
Avye Sharon Jacobs,ASJ0958,33,47,20,16,34
Colin Orson Finley,COF0905,36,43,25,38,28
Edward Joshua Mccarthy,EJM0433,40,13,36,40,33
Allen Garrison Wright,AGW0029,22,47,13,25,30
Rhea Lacey Harmon,RLH0164,42,36,17,19,30
Keegan Ashton Cervantes,KAC0245,35,22,42,41,30
Mufutau Kadeem Dickson,MKD0471,36,44,12,41,29
Price Abel Morrison,PAM0615,17,40,45,35,14
Keaton Avram Whitley,KAW0462,14,23,17,39,27
Dara Alice Raymond,DAR0984,40,44,16,38,28
Troy Michael Little,TML0765,37,15,20,11,23
Barry Driscoll Anthony,BDA0994,48,22,26,26,31
Rowan Yael Leon,RYL0347,35,39,26,22,21
Nichole Nadine Garner,NNG0367,40,45,18,19,31
Kennan Thane Chavez,KTC0053,44,18,21,26,37
Laith Griffith Livingston,LGL0964,35,15,41,41,34
Cameran Cally Rodriquez,CCR0823,42,45,42,14,34
Oleg Marvin Alvarez,OMA0668,19,20,21,35,26
Whitney Melissa Harrington,WMH0866,41,45,41,33,33
Quentin Clinton Thomas,QCT0226,42,42,16,37,35
Odessa Mollie Sawyer,OMS0131,21,43,38,43,32
Sigourney Erin Gilbert,SEG0805,37,40,13,25,27
Castor Chaim Combs,CCC0632,17,19,21,30,25
Geoffrey Hamish Wise,GHW0944,25,17,23,15,28
Sylvester Sawyer Bennett,SSB0779,40,16,46,40,32
John Griffith Frost,JGF0556,47,20,46,30,17
Kiara Astra Small,KAS0887,22,18,49,15,28
Deirdre Hayley Stein,DHS0151,32,34,35,13,27
Chadwick Sebastian Mcclain,CSM0809,30,30,38,25,25
Nicholas Bert Pittman,NBP0030,30,22,16,12,35
Chancellor Solomon Gray,CSG0640,21,22,19,40,26
Karen Carolyn Langley,KCL0381,44,41,41,23,30
Lilah Hermione Parrish,LHP0799,38,35,41,44,30
Ahmed Quinlan Melton,AQM0699,18,27,10,36,28
Helen Brooke Buchanan,HBB0719,47,34,15,15,28
Amela Libby Bird,ALB0033,49,38,27,13,31
Anika Judith Valentine,AJV0013,47,35,49,28,29
Kevyn Frances Brennan,KFB0590,35,36,13,12,38
Carson Caesar Olson,CCO0065,23,11,47,19,15
Austin Stewart Mccarthy,ASM0229,21,33,37,32,26
Shellie Medge Jefferson,SMJ0486,37,41,17,40,32
William Vernon Booth,WVB0343,35,21,20,38,27
Abraham Perry Reyes,APR0631,44,24,40,45,32
Hall Curran Hood,HCH0203,22,46,30,42,32
Ashely Violet Joyner,AVJ0078,40,18,45,26,34
Russell Sawyer Russell,RSR0867,20,35,46,15,32
Destiny Hadassah Mcclain,DHM0353,37,34,35,43,37
Odessa Hayley Quinn,OHQ0406,39,34,12,40,26
Savannah Audrey Keller,SAK0517,40,39,17,43,22
Nelle Hadley Walker,NHW0572,40,43,21,43,29
Hanae Rhiannon Lindsey,HRL0797,37,39,17,17,22
Arden Wayne Riley,AWR0559,30,21,44,19,29
Veronica Alexa David,VAD0688,41,27,16,41,23
Anastasia Tamekah Gaines,ATG0636,41,41,38,39,37
Alfreda Aline Sweeney,AAS0850,15,22,34,22,40
Patricia Tashya Moran,PTM0966,30,38,18,18,27
Noah Perry Bolton,NPB0217,32,27,44,18,24
Nadine Anjolie Gregory,NAG0123,14,42,24,23,29
Keane Gary Russo,KGR0690,43,10,18,24,31
Josephine Sylvia Parsons,JSP0152,37,40,19,41,28
David Victor Valencia,DVV0933,13,30,25,39,32
Anthony Bruce Graham,ABG0865,46,36,18,38,42
Tara Elizabeth Chen,TEC0586,43,21,35,18,24
Dennis Carson Mendoza,DCM0757,16,39,18,43,33
Callum Gray Farley,CGF0635,46,16,21,39,36
Blossom Lisandra Boyer,BLB0583,47,43,19,46,23
Jasper Lamar Spence,JLS0448,33,33,37,43,35
Prescott Anthony Whitley,PAW0040,42,45,42,44,29
Barclay Levi Mckenzie,BLM0868,49,24,23,30,32
Tanek Zeph Dorsey,TZD0878,37,19,31,12,40
Julian Ulysses Davidson,JUD0798,29,47,33,46,29
Chancellor Cody Douglas,CCD0463,39,36,37,10,32
Benjamin Keith Miranda,BKM0084,38,27,23,28,30
Ryder Ivan Bowers,RIB0011,20,23,10,33,26
Tucker Kenneth Weeks,TKW0289,35,30,20,15,31
Simone Holly Pratt,SHP0861,39,40,19,38,36
Ann Hannah Dickerson,AHD0110,31,34,32,24,39
Miriam Autumn Acevedo,MAA0364,43,43,19,37,26
Libby Bell Willis,LBW0600,38,33,46,22,32
Ginger Geraldine Petty,GGP0764,14,21,37,16,26
Phoebe Orla Holloway,POH0119,38,41,14,36,32
Ryder Benjamin Salas,RBS0466,42,10,17,21,36
Xena Roary Goodman,XRG0760,33,37,46,15,35
Merrill Samuel Koch,MSK0921,30,38,10,50,31
Flynn Timothy Tanner,FTT0044,25,23,26,41,34
Carter Demetrius Payne,CDP0582,36,15,18,27,32
Nicole Roary Roberts,NRR0945,22,24,37,45,22
Hector Davis Ellison,HDE0756,16,42,12,20,32
Jennifer Yetta Gibbs,JYG0912,40,37,16,20,25
Dahlia Alma Alvarado,DAA0286,43,41,30,22,25
Sloane Martha Mcleod,SMM0923,40,37,36,18,34
Burke Rigel Strong,BRS0849,15,36,43,39,29
Kitra MacKensie Dillon,KMD0580,22,10,41,16,31
Ivana Octavia Terrell,IOT0332,43,42,10,39,25
Audrey Shea Joyce,ASJ0543,40,50,42,15,34
Martin Jonathan Martin,MJM0080,43,19,47,39,29
Daquan Kevin Berg,DKB0356,36,18,30,40,30
Martina Christine Petersen,MCP0926,49,41,37,43,25
Dante David Mcgee,DDM0776,36,20,43,19,27
Neville Stephen Abbott,NSA0967,37,44,43,25,34
Ria Hiroko Barnes,RHB0200,47,41,20,20,38
Nicolas Gavin Farrell,NGF0599,24,50,16,42,33
James Demetrius Jacobson,JDJ0017,43,26,25,30,20
Ali Cullen Perry,ACP0847,40,47,21,35,28
Grady Calvin Morin,GCM0339,37,31,18,37,25
Willow Winifred Mcgowan,WWM0523,37,47,17,38,34
Octavius Evan Henderson,OEH0380,20,32,13,41,31
Rose Nadine Ayers,RNA0266,18,12,40,40,30
Kane Julian Burgess,KJB0503,42,25,22,25,31
Stella Ursula Velasquez,SUV0051,43,45,12,16,30
Lynn Illiana Osborn,LIO0759,38,45,38,30,24
Armand Norman Oconnor,ANO0020,26,27,11,21,34
John Leroy Whitehead,JLW0437,13,37,21,42,30
Kendall Lynn Hatfield,KLH0708,35,38,42,43,32
Iris Yeo Frye,IYF0269,33,22,33,21,30
Joelle Eleanor Best,JEB0076,39,49,41,14,27
Wade Castor Cabrera,WCC0009,12,29,17,10,27
Cheyenne Dominique Terrell,CDT0311,42,43,24,36,25
Beverly Cheryl Sweet,BCS0314,17,23,40,21,28
Denise Serina Le,DSL0441,33,38,35,10,30
Darius Eagan Ingram,DEI0246,17,33,15,46,30
Zephr Leslie Wilder,ZLW0169,32,46,39,17,33
Darius Colt Bowen,DCB0606,21,15,28,35,20
Hammett Keegan Powell,HKP0055,19,39,20,38,36
Fritz Buckminster Patton,FBP0522,37,27,24,50,28
Barclay Lamar Mclaughlin,BLM0712,33,36,23,42,19
Nasim Amir Jackson,NAJ0777,22,15,26,43,34
Maxine Priscilla Stewart,MPS0594,38,39,33,10,30
Kevin Laith Fry,KLF0685,39,18,38,28,27
Carly Nichole Dillon,CND0936,39,38,18,45,28
Tyler Damian Boyd,TDB0568,38,21,18,29,35
Gloria Naida Young,GNY0144,31,41,23,19,25
Zeph Christopher Battle,ZCB0358,41,18,43,19,30
Zelenia Lydia Boyer,ZLB0620,40,18,25,35,28
Jakeem Leonard Clark,JLC0833,40,24,16,42,28
Lillith Chanda Delgado,LCD0715,24,23,36,38,29
Dominic Zeph Johns,DZJ0261,38,17,38,43,22
Porter Hop Livingston,PHL0633,22,22,40,42,28
Morgan Gretchen Nunez,MGN0301,37,38,21,41,26
Molly Eliana Suarez,MES0501,50,40,43,20,34
Jescie Oprah Lara,JOL0996,35,50,43,22,26
Orli Veda Weber,OVW0244,30,31,23,20,30
Constance Fiona Bryan,CFB0216,44,48,20,39,32
Ferris Samuel Weiss,FSW0230,22,10,19,35,28
Ivan Allistair Bender,IAB0194,35,38,38,32,22
Raja Holmes Tyler,RHT0831,13,25,36,23,34
Sybill Mercedes Golden,SMG0494,36,39,21,30,31
Davis James Whitney,DJW0698,43,15,38,41,29
Melvin Alec Delgado,MAD0103,24,27,23,39,37
Julie Michelle Weeks,JMW0835,35,34,44,20,30
Sawyer Patrick Horne,SPH0325,40,14,40,12,25
Ella Rhonda Logan,ERL0366,40,30,16,32,22
Akeem Xanthus Bryant,AXB0237,27,10,10,13,34
Jelani Malachi Wagner,JMW0648,26,37,18,40,25
Callie Emerald Jordan,CEJ0646,22,22,38,15,29
Baker Vladimir Wells,BVW0318,38,27,24,35,24
Tanisha Molly Washington,TMW0915,44,50,41,23,24
Blythe Shelley Banks,BSB0995,40,46,30,22,21
Quyn Tara Patterson,QTP0493,17,41,40,20,31
Suki Mallory Baker,SMB0655,30,33,14,15,31
Merritt Abbot Salinas,MAS0500,43,36,15,43,40
Yen Echo Velez,YEV0902,26,25,38,21,33
Kenyon Arthur Kent,KAK0992,50,36,39,39,34
Azalia MacKensie Schultz,AMS0762,48,47,29,23,30
Tatyana Kendall Gamble,TKG0225,45,18,38,16,35
Tamekah Jena Raymond,TJR0895,42,36,15,20,28
Cedric Cyrus Harrison,CCH0959,23,37,23,40,21
Kitra Jenette Chambers,KJC0931,34,42,37,14,34
Declan Oren Torres,DOT0095,28,15,11,38,34
Rina Bianca Velasquez,RBV0804,39,43,37,15,27
Amethyst Suki Norris,ASN0508,30,39,11,15,26
Cassidy Kay Ward,CKW0746,33,37,25,24,32
Justin Declan Gross,JDG0149,23,38,43,40,27
Aladdin Brody Mclean,ABM0089,33,11,46,44,27
Hedwig Casey Farmer,HCF0334,23,41,33,20,33
Ignatius Randall Webster,IRW0197,44,41,35,42,27
Jena Vanna White,JVW0042,34,35,15,22,32
Cole Basil Nunez,CBN0398,19,23,12,22,28
Dillon Troy Prince,DTP0863,34,26,19,21,37
Amir August Roy,AAR0716,43,18,44,30,34
Moses Todd Perez,MTP0573,20,18,32,15,23
Quincy Reece Merrill,QRM0914,43,22,24,31,33
Malachi Jakeem Rush,MJR0485,49,18,24,48,31
Mufutau Elmo Lara,MEL0063,17,19,10,23,34
Daquan Wesley Mcknight,DWM0143,25,41,45,42,32
Lamar Hakeem Conner,LHC0329,14,32,30,50,20
Sacha Rhiannon Mayo,SRM0851,38,41,40,44,35
Clementine Cherokee Hicks,CCH0252,43,42,45,24,33
Ryder Hector Henson,RHH0968,18,50,35,21,38
Thaddeus Quamar Hampton,TQH0728,44,30,18,42,21
Karyn Deborah Hunter,KDH0290,28,38,15,23,23
Nolan Elmo Cherry,NEC0824,34,15,13,23,25
Garrison Burke Richards,GBR0977,44,19,16,30,33
Benjamin Griffin Mclaughlin,BGM0010,13,36,21,20,21
Perry Griffin Key,PGK0085,47,13,17,24,23
Francesca Kylie Russo,FKR0134,35,43,26,38,34
Carl Branden Moses,CBM0387,34,20,40,39,36
Jolene Martha Blake,JMB0069,39,24,49,14,14
Ayanna Yolanda Nielsen,AYN0502,49,30,18,37,31
Emi Blossom Richard,EBR0763,41,17,40,22,34
Gabriel Camden Joseph,GCJ0630,18,37,19,47,36
Solomon Ryan Mckinney,SRM0773,34,30,41,27,39
Timon Dane Floyd,TDF0088,25,25,32,19,37
Samuel Paul Burns,SPB0713,38,20,39,19,37
Halee Autumn Craft,HAC0651,30,40,39,23,27
Hilda Freya Jacobson,HFJ0238,23,22,40,39,35
Elton Noah Durham,END0680,22,22,44,21,28
Perry Brandon Spence,PBS0418,34,22,39,20,23
Raphael Keith Stephens,RKS0170,39,17,19,18,24
Lee Griffin Rasmussen,LGR0884,49,13,18,22,35
Palmer Josiah Young,PJY0906,34,23,12,27,24
Tanya Wanda Wise,TWW0515,40,32,46,34,33
Ivan Beck Spencer,IBS0766,43,23,34,36,33
Theodore Uriah Edwards,TUE0435,42,37,36,37,23
Elmo Drake Mcfadden,EDM0346,15,36,39,34,30
Akeem Paki Chapman,APC0027,22,19,16,32,25
Bo Quemby Durham,BQD0092,47,44,38,33,24
Eden Bernard Strickland,EBS0706,16,22,10,19,18
Reece Emmanuel Adams,REA0782,18,20,42,22,26
Christen Portia Solis,CPS0014,33,38,24,23,30
Helen Angela Shepard,HAS0258,41,39,38,44,21
Caesar Tiger Wells,CTW0743,39,21,25,12,28
Alika Yoko Duke,AYD0147,45,36,30,21,29
John Xavier Duffy,JXD0869,21,25,25,15,32
Chiquita Fallon Burris,CFB0167,50,38,33,41,32
Hedy Yvette Cook,HYC0955,42,41,25,19,23
April Quon Hood,AQH0426,49,45,19,22,26
Demetria Ignacia Aguilar,DIA0854,34,37,36,17,36
Benjamin Nash Boone,BNB0026,38,24,45,12,33
Vaughan Lucian Buck,VLB0057,16,19,21,37,30
Jesse Ciaran Whitley,JCW0740,26,26,46,41,43
Allen Conan Winters,ACW0801,18,44,35,38,30
Cynthia Inez Lowe,CIL0124,38,37,21,20,29
Bree Isabelle Sweet,BIS0988,21,22,19,45,31
Reuben Hu Preston,RHP0132,38,25,41,22,17
Ray Norman Morton,RNM0875,16,17,20,39,21
Sage Chantale Hunter,SCH0532,37,39,34,15,33
Kaitlin Amity Armstrong,KAA0526,39,44,39,28,26
Amelia Ria Richmond,ARR0934,38,41,37,41,39
Melissa Ruby Knight,MRK0072,40,36,23,21,28
Castor Rafael Gregory,CRG0736,18,21,32,35,29
Christen Tashya Rodgers,CTR0215,43,41,21,42,36
Courtney Alexis Cummings,CAC0558,42,46,22,26,29
Allen Chandler Stephenson,ACS0457,44,14,14,15,28
India Aurelia Kirkland,IAK0372,40,42,37,17,20
William Abel Wiley,WAW0624,38,20,46,16,21
Kirsten Faith Drake,KFD0578,38,33,46,50,21
Chadwick Valentine Roy,CVR0454,41,22,38,39,26
Chastity Tamara Fowler,CTF0023,41,44,24,10,32
Neil Leonard Rosales,NLR0174,33,26,26,32,31
Alisa Shaine Adkins,ASA0282,44,34,19,24,35
Ivy Hiroko Sears,IHS0045,37,36,21,30,38
Gisela Jeanette Watkins,GJW0111,33,42,42,20,36
Dakota Clare Williamson,DCW0087,35,42,41,20,27
Hadassah Alma Prince,HAP0201,39,34,20,43,32
Nerea Joy Richardson,NJR0453,39,44,10,32,31
Rhona Aretha Sykes,RAS0839,20,50,32,40,25
Ebony Sandra Bush,ESB0859,30,42,31,10,36
Brandon Griffin Pace,BGP0577,29,16,43,30,21
Moses Paul Bowers,MPB0376,40,21,23,37,21
Sean Declan Hull,SDH0288,44,21,11,44,28
Lucius Plato Russell,LPR0647,22,20,16,39,29
Jermaine Clarke Barnett,JCB0710,45,23,37,14,25
Craig Duncan Moreno,CDM0220,26,22,20,42,29
Sybill Savannah Ellis,SSE0978,30,44,19,11,26
Branden Logan Whitehead,BLW0787,40,21,38,21,28
Fiona Brianna Reid,FBR0659,43,47,34,30,25
Micah Lyle Sloan,MLS0438,14,39,29,40,30
Hakeem Cullen Ellis,HCE0726,42,17,33,25,28
Dakota Jorden Velasquez,DJV0692,42,33,19,39,37
Joy Yolanda Beck,JYB0548,41,36,21,11,27
Signe Tashya Reed,STR0421,42,50,38,26,22
Dana Inga Leach,DIL0607,25,15,42,25,28
Georgia Hope Shaffer,GHS0949,35,16,22,30,40
Plato Yasir Mcgowan,PYM0419,16,40,20,38,33
Jack Dexter Hester,JDH0545,24,36,32,27,30
Moana Cara Riggs,MCR0735,16,42,44,27,33
Elvis Hamilton Sandoval,EHS0481,36,36,17,42,23
Yeo Fredericka Thornton,YFT0298,38,13,36,20,20
Camilla Mona Rasmussen,CMR0739,42,13,44,44,25
Karleigh Candace Lowe,KCL0761,32,32,12,20,36
Jackson Victor Mays,JVM0660,22,18,12,31,24
Denton Thor Espinoza,DTE0302,41,19,18,40,21
Kelly Hashim Carr,KHC0465,39,21,17,50,33
Philip Isaiah Best,PIB0855,16,15,18,32,26
Germane Vielka Rivas,GVR0785,41,41,27,29,31
Cora Breanna Lawson,CBL0969,32,36,41,17,38
Wylie Keane Conway,WKC0202,24,21,30,22,30
Hope Remedios Andrews,HRA0239,40,41,14,14,30
Fitzgerald Ethan Jimenez,FEJ0567,45,23,21,45,18
Flynn Amos Huffman,FAH0982,42,20,11,20,24
Prescott Tyrone Abbott,PTA0303,14,43,39,44,29
Jayme Adrienne Jarvis,JAJ0183,30,41,40,39,36
Davis Gareth Cote,DGC0484,24,15,38,19,32
Hu Duncan Rojas,HDR0897,37,27,41,35,39
Hall Bruce Copeland,HBC0672,41,24,30,15,24
Guy Caesar Finch,GCF0008,23,23,19,19,30
Whoopi Celeste Schultz,WCS0883,33,41,41,41,24
Jonas Blaine Barr,JBB0413,35,20,16,22,32
Cassidy Serina Watson,CSW0588,35,42,35,44,29
Kamal Judah Fox,KJF0253,44,17,35,17,38
Clementine April Juarez,CAJ0004,36,50,36,48,30
Jacob Dennis Briggs,JDB0980,41,47,15,38,37
McKenzie Leigh Mckee,MLM0570,48,38,17,10,29
Anastasia Tashya Trevino,ATT0650,49,46,10,19,26
Georgia Madison Preston,GMP0832,37,32,24,24,34
Hasad Tobias Mcconnell,HTM0738,20,17,24,18,31
Yeo Xyla Garner,YXG0504,48,33,21,34,27
Amy Cara Reid,ACR0100,41,40,24,42,26
Amethyst Ocean Whitley,AOW0276,39,37,26,19,20
Paula Delilah Barnett,PDB0903,38,15,42,24,26
Burton Maxwell Levy,BML0845,43,29,17,21,32
Pandora Charity Mullins,PCM0369,35,30,41,34,35
Xander Yuli Waller,XYW0563,40,35,25,39,34
Odessa Hanna Estrada,OHE0350,45,34,27,14,26
Nelle Pearl Howe,NPH0533,39,44,21,23,20
Carson Cairo Malone,CCM0786,25,38,21,41,36
Jaquelyn Yoshi Mckinney,JYM0032,30,42,16,41,22
Kasper Thomas Shelton,KTS0879,33,13,20,21,25
Haviva Jada Molina,HJM0337,33,34,18,17,25
Lucy Anika Valenzuela,LAV0312,41,40,21,49,28
Vaughan Emery Paul,VEP0043,34,30,50,14,33
Benedict Ivan Rowe,BIR0613,17,37,37,37,24
Giacomo Russell Moreno,GRM0263,22,10,16,38,25
Fiona Phyllis Swanson,FPS0900,38,48,39,16,30
